"expression","min","median","itr/sec","mem_alloc","gc/sec","n_itr","n_gc","total_time"
"coxgpls", 24.4ms, 26.1ms,37.9614151264312,30.4MB,17.0551285350633,69,31, 1.82s
"big_pls",343.2ms,388.4ms,2.59702042821465, 4.25MB,0,100,0,38.51s
"big_pls_gd", 54.7ms, 55.6ms,17.9461866852832, 6.34MB,0.944536141330693,95,5, 5.29s
"survival", 27.3ms, 27.9ms,35.7904682634058,13.38MB,4.88051839955534,88,12, 2.46s
