"expression","min","median","itr/sec","mem_alloc","gc/sec","n_itr","n_gc","total_time"
"coxgpls", 23.01ms, 25.04ms,39.5132772866519,30.48MB,26.3421848577679,45,30,  1.14s
"big_pls",277.78ms,294.78ms,3.40288517239454, 4.27MB,0,75,0, 22.04s
"big_pls_fast",  8.37ms,  8.94ms,112.391674216277, 5.33MB,6.33192530795925,71,4,631.72ms
"big_pls_bb",389.47ms,394.3ms,2.53444815913334, 5.63MB,0.181032011366667,70,5, 27.62s
"big_pls_gd",390.59ms,393.8ms,2.51927321104415, 5.63MB,0.179948086503153,70,5, 27.79s
"coxph", 27.45ms, 28.03ms,35.6068777971936,13.38MB,6.78226243756069,63,12,  1.77s
