"expression","min","median","itr/sec","mem_alloc","gc/sec","n_itr","n_gc","total_time"
coxgpls,19.48ms,20.93ms,46.7871827294757,138.9MB,86.8904822118834,35,65,748.07ms
big_pls, 7.77ms, 7.89ms,126.558916638584,  3.62MB,12.5168159312886,91,9,719.03ms
big_pls_gd,10.31ms,10.51ms,94.7120058259161,  2.8MB,7.12886065356358,93,7,981.92ms
survival,27.23ms,28.11ms,35.6806764467368, 13.39MB,13.1969625213958,73,27,  2.05s
