"expression","min","median","itr/sec","mem_alloc","gc/sec","n_itr","n_gc","total_time"
"coxgpls", 23.8ms, 26ms,37.9511820703452,30.5MB,25.3007880468968,45,30, 1.19s
"big_pls",349.5ms,383ms,2.62040038873018, 4.27MB,0,75,0,28.62s
"big_pls_fast", 39.9ms, 40.6ms,24.5100066833766, 5.33MB,1.38084544695079,71,4, 2.9s
"big_pls_gd", 55ms, 55.7ms,17.782033901112, 6.34MB,1.27014527865085,70,5, 3.94s
"coxph", 27.5ms, 28.4ms,35.0506330583048,13.38MB,8.04440758715193,61,14, 1.74s
