"expression","min","median","itr/sec","mem_alloc","gc/sec","n_itr","n_gc","total_time"
"big_pls_fast",  7.15ms,  7.64ms,123.756212122075,3.41MB,3.39058115402945,73,2,589.87ms
"big_pls",258.25ms,289.5ms,3.47462986746328,4.25MB,0,75,0, 21.59s
"big_pls_gd", 65.65ms, 66.47ms,15.0313408803029,5.59MB,0.846836105932558,71,4,  4.72s
